District,Year,GW_May_Actual,ARIMA_Fitted,ARIMA_Residual,ARIMA_Trend_m_yr
Ariyalur,2011,5.74,0.0,5.74,-0.1607
Ariyalur,2012,5.74,5.74,0.0,-0.1607
Ariyalur,2013,6.31,5.74,0.57,-0.1607
Ariyalur,2014,9.03,5.9666,3.0634,-0.1607
Ariyalur,2015,4.72,7.0322,-2.3122,-0.1607
Ariyalur,2016,5.72,6.2953,-0.5753,-0.1607
Ariyalur,2017,6.43,6.102,0.328,-0.1607
Ariyalur,2018,5.72,6.2011,-0.4811,-0.1607
Ariyalur,2019,7.07,6.0543,1.0157,-0.1607
Ariyalur,2020,5.35,6.3643,-1.0143,-0.1607
Ariyalur,2021,4.33,6.058,-1.728,-0.1607
Ariyalur,2022,3.54,5.5221,-1.9821,-0.1607
Ariyalur,2023,5.0,4.9048,0.0952,-0.1607
Ariyalur,2024,5.08,4.9238,0.1562,-0.1607
Ariyalur,2025,4.13,4.9723,-0.8423,-0.1607
Chengalpattu,2011,5.84,0.0,5.84,-0.1909
Chengalpattu,2012,5.84,5.84,0.0,-0.1909
Chengalpattu,2013,5.84,5.84,0.0,-0.1909
Chengalpattu,2014,5.84,5.84,0.0,-0.1909
Chengalpattu,2015,5.84,5.84,0.0,-0.1909
Chengalpattu,2016,5.84,5.84,0.0,-0.1909
Chengalpattu,2017,5.84,5.84,0.0,-0.1909
Chengalpattu,2018,5.84,5.84,0.0,-0.1909
Chengalpattu,2019,5.84,5.84,0.0,-0.1909
Chengalpattu,2020,5.84,5.84,0.0,-0.1909
Chengalpattu,2021,2.6,5.84,-3.24,-0.1909
Chengalpattu,2022,3.77,3.7391,0.0309,-0.1909
Chengalpattu,2023,4.25,3.9048,0.3452,-0.1909
Chengalpattu,2024,3.74,4.1459,-0.4059,-0.1909
Chengalpattu,2025,3.71,3.8694,-0.1594,-0.1909
Chennai,2011,4.26,0.0,4.26,-0.1586
Chennai,2012,4.51,4.26,0.25,-0.1586
Chennai,2013,4.73,4.6782,0.0518,-0.1586
Chennai,2014,5.19,4.8482,0.3418,-0.1586
Chennai,2015,5.63,5.5524,0.0776,-0.1586
Chennai,2016,5.384,5.8591,-0.475,-0.1586
Chennai,2017,5.1381,5.046,0.092,-0.1586
Chennai,2018,4.8921,5.0758,-0.1837,-0.1586
Chennai,2019,4.6461,4.6956,-0.0495,-0.1586
Chennai,2020,4.4001,4.515,-0.1148,-0.1586
Chennai,2021,4.1318,4.2372,-0.1054,-0.1586
Chennai,2022,3.6963,3.9637,-0.2674,-0.1586
Chennai,2023,3.1029,3.3766,-0.2737,-0.1586
Chennai,2024,2.5095,2.7114,-0.2019,-0.1586
Chennai,2025,2.64,2.1529,0.4871,-0.1586
Coimbatore,2011,9.37,0.0,9.37,-0.0314
Coimbatore,2012,8.62,9.37,-0.75,-0.0314
Coimbatore,2013,11.1,8.706,2.394,-0.0314
Coimbatore,2014,16.15,10.8634,5.2866,-0.0314
Coimbatore,2015,13.12,15.2481,-2.1281,-0.0314
Coimbatore,2016,14.46,12.7316,1.7284,-0.0314
Coimbatore,2017,17.63,13.9001,3.7299,-0.0314
Coimbatore,2018,15.96,16.6148,-0.6548,-0.0314
Coimbatore,2019,13.94,15.2834,-1.3434,-0.0314
Coimbatore,2020,12.88,13.6414,-0.7614,-0.0314
Coimbatore,2021,12.67,12.779,-0.109,-0.0314
Coimbatore,2022,11.53,12.611,-1.081,-0.0314
Coimbatore,2023,10.22,11.6748,-1.4548,-0.0314
Coimbatore,2024,10.27,10.5916,-0.3216,-0.0314
Coimbatore,2025,11.14,10.6146,0.5254,-0.0314
Cuddalore,2011,5.58,0.0,5.58,-0.1687
Cuddalore,2012,6.55,5.58,0.97,-0.1687
Cuddalore,2013,8.24,6.5957,1.6443,-0.1687
Cuddalore,2014,7.12,8.3205,-1.2005,-0.1687
Cuddalore,2015,6.51,7.0687,-0.5587,-0.1687
Cuddalore,2016,5.67,6.4803,-0.8103,-0.1687
Cuddalore,2017,7.65,5.6299,2.0201,-0.1687
Cuddalore,2018,7.64,7.7425,-0.1025,-0.1687
Cuddalore,2019,8.0,7.6413,0.3587,-0.1687
Cuddalore,2020,6.78,8.017,-1.237,-0.1687
Cuddalore,2021,5.89,6.7228,-0.8328,-0.1687
Cuddalore,2022,4.55,5.847,-1.297,-0.1687
Cuddalore,2023,4.55,4.486,0.064,-0.1687
Cuddalore,2024,4.08,4.5488,-0.4688,-0.1687
Cuddalore,2025,4.95,4.0578,0.8922,-0.1687
Dharmapuri,2011,7.19,0.0,7.19,-0.21
Dharmapuri,2012,10.94,7.19,3.75,-0.21
Dharmapuri,2013,13.77,11.5054,2.2646,-0.21
Dharmapuri,2014,10.72,14.0965,-3.3765,-0.21
Dharmapuri,2015,8.89,10.1804,-1.2904,-0.21
Dharmapuri,2016,8.47,8.7134,-0.2434,-0.21
Dharmapuri,2017,11.28,8.44,2.84,-0.21
Dharmapuri,2018,11.06,11.723,-0.663,-0.21
Dharmapuri,2019,13.97,10.9371,3.0329,-0.21
Dharmapuri,2020,12.27,14.4471,-2.1771,-0.21
Dharmapuri,2021,10.65,11.9101,-1.2601,-0.21
Dharmapuri,2022,6.47,10.4701,-4.0001,-0.21
Dharmapuri,2023,6.5,5.856,0.644,-0.21
Dharmapuri,2024,7.82,6.6276,1.1924,-0.21
Dharmapuri,2025,6.86,7.9997,-1.1397,-0.21
Dindigul,2011,7.33,0.0,7.33,-0.2404
Dindigul,2012,7.54,7.33,0.21,-0.2404
Dindigul,2013,11.23,7.6086,3.6214,-0.2404
Dindigul,2014,13.4,12.6803,0.7197,-0.2404
Dindigul,2015,9.03,13.2251,-4.1951,-0.2404
Dindigul,2016,9.98,7.0423,2.9377,-0.2404
Dindigul,2017,13.43,12.1723,1.2577,-0.2404
Dindigul,2018,11.65,13.3354,-1.6854,-0.2404
Dindigul,2019,11.64,10.7678,0.8722,-0.2404
Dindigul,2020,11.72,12.429,-0.709,-0.2404
Dindigul,2021,8.61,11.0474,-2.4374,-0.2404
Dindigul,2022,6.32,7.4531,-1.1331,-0.2404
Dindigul,2023,5.93,6.0677,-0.1377,-0.2404
Dindigul,2024,6.17,5.9373,0.2327,-0.2404
Dindigul,2025,6.66,6.304,0.356,-0.2404
Erode,2011,6.24,0.0,6.24,-0.1821
Erode,2012,8.42,6.24,2.18,-0.1821
Erode,2013,10.44,8.0591,2.3809,-0.1821
Erode,2014,10.59,9.7485,0.8415,-0.1821
Erode,2015,7.96,9.9535,-1.9935,-0.1821
Erode,2016,9.41,7.9737,1.4363,-0.1821
Erode,2017,13.12,9.0867,4.0333,-0.1821
Erode,2018,10.81,11.9338,-1.1238,-0.1821
Erode,2019,9.74,10.2952,-0.5552,-0.1821
Erode,2020,8.91,9.5369,-0.6269,-0.1821
Erode,2021,8.88,8.937,-0.057,-0.1821
Erode,2022,4.98,8.9131,-3.9331,-0.1821
Erode,2023,6.18,6.0591,0.1209,-0.1821
Erode,2024,6.34,6.8689,-0.5289,-0.1821
Erode,2025,7.22,6.9466,0.2734,-0.1821
Kallakurichi,2011,12.47,0.0,12.47,-0.577
Kallakurichi,2012,12.47,12.47,0.0,-0.577
Kallakurichi,2013,12.47,12.47,-0.0,-0.577
Kallakurichi,2014,12.47,12.47,0.0,-0.577
Kallakurichi,2015,12.47,12.47,-0.0,-0.577
Kallakurichi,2016,12.47,12.47,0.0,-0.577
Kallakurichi,2017,12.47,12.47,-0.0,-0.577
Kallakurichi,2018,12.47,12.47,0.0,-0.577
Kallakurichi,2019,12.47,12.47,-0.0,-0.577
Kallakurichi,2020,12.47,12.47,0.0,-0.577
Kallakurichi,2021,6.26,12.47,-6.21,-0.577
Kallakurichi,2022,5.97,7.0063,-1.0363,-0.577
Kallakurichi,2023,5.13,5.4163,-0.2863,-0.577
Kallakurichi,2024,7.17,5.6673,1.5027,-0.577
Kallakurichi,2025,5.55,6.5021,-0.9521,-0.577
Kanchipuram,2011,4.39,0.0,4.39,-0.0146
Kanchipuram,2012,1.7986,4.39,-2.5913,-0.0146
Kanchipuram,2013,2.6354,3.0732,-0.4378,-0.0146
Kanchipuram,2014,3.4722,1.6208,1.8514,-0.0146
Kanchipuram,2015,6.55,3.8315,2.7185,-0.0146
Kanchipuram,2016,3.88,5.428,-1.548,-0.0146
Kanchipuram,2017,6.22,5.3504,0.8696,-0.0146
Kanchipuram,2018,4.51,4.6251,-0.1151,-0.0146
Kanchipuram,2019,6.08,6.0068,0.0732,-0.0146
Kanchipuram,2020,4.92,4.685,0.235,-0.0146
Kanchipuram,2021,3.4,6.1353,-2.7353,-0.0146
Kanchipuram,2022,2.77,3.0486,-0.2786,-0.0146
Kanchipuram,2023,3.39,3.1705,0.2195,-0.0146
Kanchipuram,2024,3.19,2.9609,0.2291,-0.0146
Kanchipuram,2025,3.55,3.52,0.03,-0.0146
Kanniyakumari,2011,5.42,0.0,5.42,-0.0912
Kanniyakumari,2012,6.17,5.42,0.75,-0.0912
Kanniyakumari,2013,8.23,5.8137,2.4163,-0.0912
Kanniyakumari,2014,5.58,6.6947,-1.1147,-0.0912
Kanniyakumari,2015,4.49,6.2909,-1.8009,-0.0912
Kanniyakumari,2016,4.36,5.8837,-1.5237,-0.0912
Kanniyakumari,2017,8.81,5.6276,3.1824,-0.0912
Kanniyakumari,2018,6.15,6.2977,-0.1477,-0.0912
Kanniyakumari,2019,7.61,6.1467,1.4633,-0.0912
Kanniyakumari,2020,5.84,6.3803,-0.5403,-0.0912
Kanniyakumari,2021,3.66,6.2384,-2.5784,-0.0912
Kanniyakumari,2022,4.86,5.8974,-1.0374,-0.0912
Kanniyakumari,2023,6.96,5.8716,1.0884,-0.0912
Kanniyakumari,2024,3.77,6.0595,-2.2895,-0.0912
Kanniyakumari,2025,5.25,5.7379,-0.4879,-0.0912
Karur,2011,7.33,0.0,7.33,-0.3237
Karur,2012,8.06,7.33,0.73,-0.3237
Karur,2013,10.56,7.846,2.714,-0.3237
Karur,2014,9.4,9.5715,-0.1715,-0.3237
Karur,2015,7.44,9.2139,-1.7739,-0.3237
Karur,2016,5.15,8.0501,-2.9001,-0.3237
Karur,2017,8.24,6.3853,1.8547,-0.3237
Karur,2018,6.36,7.8565,-1.4965,-0.3237
Karur,2019,7.27,6.8242,0.4458,-0.3237
Karur,2020,7.23,7.2196,0.0104,-0.3237
Karur,2021,5.27,7.2134,-1.9434,-0.3237
Karur,2022,4.31,5.9943,-1.6843,-0.3237
Karur,2023,5.48,5.1234,0.3566,-0.3237
Karur,2024,4.34,5.5508,-1.2108,-0.3237
Karur,2025,4.58,4.8116,-0.2316,-0.3237
Krishnagiri,2011,6.74,0.0,6.74,-0.2292
Krishnagiri,2012,8.02,6.74,1.28,-0.2292
Krishnagiri,2013,9.17,7.8165,1.3535,-0.2292
Krishnagiri,2014,8.32,8.7865,-0.4665,-0.2292
Krishnagiri,2015,6.9,8.1505,-1.2505,-0.2292
Krishnagiri,2016,8.11,7.0474,1.0626,-0.2292
Krishnagiri,2017,11.58,7.9759,3.6041,-0.2292
Krishnagiri,2018,8.06,10.6618,-2.6018,-0.2292
Krishnagiri,2019,9.49,8.0494,1.4406,-0.2292
Krishnagiri,2020,9.11,9.1331,-0.0231,-0.2292
Krishnagiri,2021,9.39,8.8723,0.5177,-0.2292
Krishnagiri,2022,6.62,9.0971,-2.4771,-0.2292
Krishnagiri,2023,3.35,7.0558,-3.7058,-0.2292
Krishnagiri,2024,3.64,4.6112,-0.9712,-0.2292
Krishnagiri,2025,5.4,4.7559,0.6441,-0.2292
Madurai,2011,4.5,0.0,4.5,-0.1101
Madurai,2012,4.75,4.5,0.25,-0.1101
Madurai,2013,8.4,4.8057,3.5943,-0.1101
Madurai,2014,9.22,9.3107,-0.0907,-0.1101
Madurai,2015,6.3,8.7184,-2.4184,-0.1101
Madurai,2016,7.5,5.8304,1.6696,-0.1101
Madurai,2017,9.34,8.2691,1.0709,-0.1101
Madurai,2018,9.28,9.2829,-0.0029,-0.1101
Madurai,2019,8.55,9.3089,-0.7589,-0.1101
Madurai,2020,8.46,8.2832,0.1768,-0.1101
Madurai,2021,6.29,8.6585,-2.3685,-0.1101
Madurai,2022,5.79,5.3884,0.4016,-0.1101
Madurai,2023,5.3,6.3969,-1.0969,-0.1101
Madurai,2024,4.24,4.6103,-0.3703,-0.1101
Madurai,2025,4.55,4.474,0.076,-0.1101
Mayiladuthurai,2011,1.66,0.0,1.66,0.1007
Mayiladuthurai,2012,1.66,1.66,0.0,0.1007
Mayiladuthurai,2013,1.66,1.66,-0.0,0.1007
Mayiladuthurai,2014,1.66,1.66,0.0,0.1007
Mayiladuthurai,2015,1.66,1.66,-0.0,0.1007
Mayiladuthurai,2016,1.66,1.66,0.0,0.1007
Mayiladuthurai,2017,1.66,1.66,-0.0,0.1007
Mayiladuthurai,2018,1.66,1.66,0.0,0.1007
Mayiladuthurai,2019,1.66,1.66,-0.0,0.1007
Mayiladuthurai,2020,1.66,1.66,0.0,0.1007
Mayiladuthurai,2021,1.66,1.66,-0.0,0.1007
Mayiladuthurai,2022,1.66,1.66,0.0,0.1007
Mayiladuthurai,2023,3.57,1.66,1.91,0.1007
Mayiladuthurai,2024,2.81,2.8524,-0.0424,0.1007
Mayiladuthurai,2025,3.34,3.2583,0.0817,0.1007
Nagapattinam,2011,3.48,0.0,3.48,-0.0232
Nagapattinam,2012,3.4,3.48,-0.08,-0.0232
Nagapattinam,2013,3.02,3.4235,-0.4035,-0.0232
Nagapattinam,2014,3.31,3.1752,0.1348,-0.0232
Nagapattinam,2015,2.61,3.3197,-0.7097,-0.0232
Nagapattinam,2016,2.83,2.9202,-0.0902,-0.0232
Nagapattinam,2017,4.63,2.9987,1.6313,-0.0232
Nagapattinam,2018,4.88,3.9352,0.9448,-0.0232
Nagapattinam,2019,3.39,4.1388,-0.7488,-0.0232
Nagapattinam,2020,4.02,3.4523,0.5677,-0.0232
Nagapattinam,2021,3.05,3.7619,-0.7119,-0.0232
Nagapattinam,2022,3.13,3.3045,-0.1745,-0.0232
Nagapattinam,2023,3.52,3.3244,0.1956,-0.0232
Nagapattinam,2024,2.65,3.4989,-0.8489,-0.0232
Nagapattinam,2025,2.59,3.0849,-0.4949,-0.0232
Namakkal,2011,9.28,0.0,9.28,-0.3436
Namakkal,2012,11.74,9.28,2.46,-0.3436
Namakkal,2013,14.63,11.4834,3.1466,-0.3436
Namakkal,2014,14.66,14.0676,0.5924,-0.3436
Namakkal,2015,12.04,14.1425,-2.1025,-0.3436
Namakkal,2016,11.91,11.9021,0.0079,-0.3436
Namakkal,2017,15.16,11.7998,3.3602,-0.3436
Namakkal,2018,11.71,14.6021,-2.8921,-0.3436
Namakkal,2019,14.04,11.6864,2.3536,-0.3436
Namakkal,2020,12.91,13.6721,-0.7621,-0.3436
Namakkal,2021,11.69,12.7346,-1.0446,-0.3436
Namakkal,2022,8.05,11.7129,-3.6629,-0.3436
Namakkal,2023,7.02,8.6453,-1.6253,-0.3436
Namakkal,2024,8.63,7.7513,0.8787,-0.3436
Namakkal,2025,7.44,9.0661,-1.6261,-0.3436
Perambalur,2011,5.76,0.0,5.76,-0.0888
Perambalur,2012,5.34,5.76,-0.42,-0.0888
Perambalur,2013,13.18,5.5101,7.6699,-0.0888
Perambalur,2014,9.0,9.2104,-0.2104,-0.0888
Perambalur,2015,8.77,8.3693,0.4007,-0.0888
Perambalur,2016,7.1,8.3988,-1.2988,-0.0888
Perambalur,2017,12.55,7.8808,4.6692,-0.0888
Perambalur,2018,9.28,9.5413,-0.2613,-0.0888
Perambalur,2019,14.67,8.8892,5.7808,-0.0888
Perambalur,2020,9.45,10.5237,-1.0737,-0.0888
Perambalur,2021,7.1,9.4295,-2.3295,-0.0888
Perambalur,2022,5.01,8.7799,-3.7699,-0.0888
Perambalur,2023,6.99,8.0805,-1.0905,-0.0888
Perambalur,2024,8.7,8.3757,0.3243,-0.0888
Perambalur,2025,5.77,8.723,-2.953,-0.0888
Pudukkottai,2011,5.23,0.0,5.23,-0.048
Pudukkottai,2012,6.31,5.23,1.08,-0.048
Pudukkottai,2013,7.31,6.0086,1.3014,-0.048
Pudukkottai,2014,5.41,7.3274,-1.9174,-0.048
Pudukkottai,2015,7.13,5.736,1.394,-0.048
Pudukkottai,2016,7.73,6.5923,1.1377,-0.048
Pudukkottai,2017,9.99,8.1177,1.8723,-0.048
Pudukkottai,2018,8.84,9.3842,-0.5442,-0.048
Pudukkottai,2019,8.98,9.5026,-0.5226,-0.048
Pudukkottai,2020,6.69,8.3668,-1.6768,-0.048
Pudukkottai,2021,5.77,7.448,-1.678,-0.048
Pudukkottai,2022,4.24,5.1455,-0.9055,-0.048
Pudukkottai,2023,5.27,4.9312,0.3388,-0.048
Pudukkottai,2024,5.75,4.5555,1.1945,-0.048
Pudukkottai,2025,6.94,6.3877,0.5523,-0.048
Ramanathapuram,2011,3.57,0.0,3.57,-0.0619
Ramanathapuram,2012,3.94,3.57,0.37,-0.0619
Ramanathapuram,2013,4.91,4.0108,0.8992,-0.0619
Ramanathapuram,2014,5.18,5.07,0.11,-0.0619
Ramanathapuram,2015,4.42,5.1242,-0.7042,-0.0619
Ramanathapuram,2016,4.67,4.2792,0.3908,-0.0619
Ramanathapuram,2017,5.74,4.8372,0.9028,-0.0619
Ramanathapuram,2018,5.19,5.8783,-0.6883,-0.0619
Ramanathapuram,2019,5.04,4.9486,0.0914,-0.0619
Ramanathapuram,2020,4.95,5.1854,-0.2354,-0.0619
Ramanathapuram,2021,4.23,4.8173,-0.5873,-0.0619
Ramanathapuram,2022,4.08,4.1504,-0.0704,-0.0619
Ramanathapuram,2023,4.48,4.1028,0.3772,-0.0619
Ramanathapuram,2024,3.16,4.5629,-1.4029,-0.0619
Ramanathapuram,2025,2.8,2.7664,0.0336,-0.0619
Ranipet,2011,8.04,0.0,8.04,-0.2838
Ranipet,2012,8.04,8.04,-0.0,-0.2838
Ranipet,2013,8.04,8.04,0.0,-0.2838
Ranipet,2014,8.04,8.04,-0.0,-0.2838
Ranipet,2015,8.04,8.04,0.0,-0.2838
Ranipet,2016,8.04,8.04,-0.0,-0.2838
Ranipet,2017,8.04,8.04,0.0,-0.2838
Ranipet,2018,8.04,8.04,-0.0,-0.2838
Ranipet,2019,8.04,8.04,0.0,-0.2838
Ranipet,2020,8.04,8.04,-0.0,-0.2838
Ranipet,2021,5.8,8.04,-2.24,-0.2838
Ranipet,2022,4.45,4.8928,-0.4428,-0.2838
Ranipet,2023,4.35,4.2264,0.1236,-0.2838
Ranipet,2024,5.27,4.3892,0.8808,-0.2838
Ranipet,2025,4.71,5.6287,-0.9187,-0.2838
Salem,2011,8.74,0.0,8.74,-0.3786
Salem,2012,9.58,8.74,0.84,-0.3786
Salem,2013,13.45,9.5068,3.9432,-0.3786
Salem,2014,13.21,13.0187,0.1913,-0.3786
Salem,2015,10.98,12.8347,-1.8547,-0.3786
Salem,2016,10.77,10.865,-0.095,-0.3786
Salem,2017,13.81,10.6855,3.1245,-0.3786
Salem,2018,11.69,13.3855,-1.6955,-0.3786
Salem,2019,12.46,11.5378,0.9222,-0.3786
Salem,2020,10.05,12.2236,-2.1736,-0.3786
Salem,2021,8.97,10.1218,-1.1518,-0.3786
Salem,2022,5.17,9.1737,-4.0037,-0.3786
Salem,2023,6.46,5.8492,0.6108,-0.3786
Salem,2024,7.25,6.9416,0.3084,-0.3786
Salem,2025,6.44,7.6072,-1.1672,-0.3786
Sivaganga,2011,5.13,0.0,5.13,-0.1601
Sivaganga,2012,4.32,5.13,-0.81,-0.1601
Sivaganga,2013,7.05,4.2182,2.8318,-0.1601
Sivaganga,2014,8.85,7.5217,1.3283,-0.1601
Sivaganga,2015,6.98,8.6972,-1.7172,-0.1601
Sivaganga,2016,7.18,6.8195,0.3605,-0.1601
Sivaganga,2017,9.79,7.3606,2.4294,-0.1601
Sivaganga,2018,9.07,10.0778,-1.0078,-0.1601
Sivaganga,2019,9.94,8.6734,1.2666,-0.1601
Sivaganga,2020,6.52,10.4705,-3.9505,-0.1601
Sivaganga,2021,3.93,5.3776,-1.4476,-0.1601
Sivaganga,2022,4.34,4.5069,-0.1669,-0.1601
Sivaganga,2023,4.44,3.8754,0.5646,-0.1601
Sivaganga,2024,5.23,4.8999,0.3301,-0.1601
Sivaganga,2025,3.86,4.9521,-1.0921,-0.1601
Thanjavur,2011,4.06,0.0,4.06,-0.1294
Thanjavur,2012,4.11,4.06,0.05,-0.1294
Thanjavur,2013,4.41,4.0999,0.3101,-0.1294
Thanjavur,2014,5.84,4.3308,1.5092,-0.1294
Thanjavur,2015,4.6,5.4001,-0.8001,-0.1294
Thanjavur,2016,4.37,4.5605,-0.1905,-0.1294
Thanjavur,2017,4.22,4.4022,-0.1822,-0.1294
Thanjavur,2018,3.66,4.2945,-0.6345,-0.1294
Thanjavur,2019,3.99,3.9028,0.0872,-0.1294
Thanjavur,2020,3.64,4.1068,-0.4668,-0.1294
Thanjavur,2021,3.42,3.8621,-0.4421,-0.1294
Thanjavur,2022,3.07,3.6993,-0.6293,-0.1294
Thanjavur,2023,2.54,3.4486,-0.9086,-0.1294
Thanjavur,2024,1.94,3.0758,-1.1358,-0.1294
Thanjavur,2025,4.41,2.6512,1.7588,-0.1294
The nilgiris,2011,2.65,0.0,2.65,-0.035
The nilgiris,2012,2.95,2.65,0.3,-0.035
The nilgiris,2013,2.98,2.7998,0.1802,-0.035
The nilgiris,2014,2.29,2.8633,-0.5733,-0.035
The nilgiris,2015,2.61,2.7147,-0.1047,-0.035
The nilgiris,2016,2.3,2.684,-0.384,-0.035
The nilgiris,2017,2.73,2.607,0.123,-0.035
The nilgiris,2018,2.3,2.624,-0.324,-0.035
The nilgiris,2019,2.91,2.5702,0.3398,-0.035
The nilgiris,2020,2.82,2.6216,0.1984,-0.035
The nilgiris,2021,2.29,2.6585,-0.3685,-0.035
The nilgiris,2022,2.49,2.6032,-0.1132,-0.035
The nilgiris,2023,3.17,2.5801,0.5899,-0.035
The nilgiris,2024,1.87,2.6695,-0.7995,-0.035
The nilgiris,2025,1.89,2.5557,-0.6657,-0.035
Theni,2011,7.42,0.0,7.42,-0.3583
Theni,2012,9.03,7.42,1.61,-0.3583
Theni,2013,13.0,8.7306,4.2694,-0.3583
Theni,2014,15.51,11.9965,3.5135,-0.3583
Theni,2015,9.77,14.353,-4.583,-0.3583
Theni,2016,11.51,10.3045,1.2055,-0.3583
Theni,2017,14.04,11.4603,2.5797,-0.3583
Theni,2018,10.72,13.4541,-2.7341,-0.3583
Theni,2019,9.87,11.0855,-1.2155,-0.3583
Theni,2020,9.67,10.2834,-0.6134,-0.3583
Theni,2021,8.15,9.9705,-1.8205,-0.3583
Theni,2022,8.2,8.6703,-0.4703,-0.3583
Theni,2023,7.42,8.5119,-1.0919,-0.3583
Theni,2024,5.97,7.7848,-1.8148,-0.3583
Theni,2025,5.69,6.5149,-0.8249,-0.3583
Thenkasi,2011,8.84,0.0,8.84,-0.3046
Thenkasi,2012,8.84,8.84,0.0,-0.3046
Thenkasi,2013,8.84,8.84,0.0,-0.3046
Thenkasi,2014,8.84,8.84,0.0,-0.3046
Thenkasi,2015,8.84,8.84,0.0,-0.3046
Thenkasi,2016,8.84,8.84,0.0,-0.3046
Thenkasi,2017,8.84,8.84,0.0,-0.3046
Thenkasi,2018,8.84,8.84,0.0,-0.3046
Thenkasi,2019,8.84,8.84,0.0,-0.3046
Thenkasi,2020,8.84,8.84,0.0,-0.3046
Thenkasi,2021,5.1,8.84,-3.74,-0.3046
Thenkasi,2022,4.55,6.2082,-1.6582,-0.3046
Thenkasi,2023,7.43,5.2667,2.1633,-0.3046
Thenkasi,2024,5.28,6.9347,-1.6547,-0.3046
Thenkasi,2025,4.77,5.6696,-0.8996,-0.3046
Thiruvallur,2011,4.79,0.0,4.79,-0.0355
Thiruvallur,2012,3.7,4.79,-1.09,-0.0355
Thiruvallur,2013,4.58,4.1844,0.3956,-0.0355
Thiruvallur,2014,5.14,4.3092,0.8308,-0.0355
Thiruvallur,2015,7.11,4.7336,2.3764,-0.0355
Thiruvallur,2016,4.46,5.8937,-1.4337,-0.0355
Thiruvallur,2017,6.32,5.3895,0.9305,-0.0355
Thiruvallur,2018,6.12,5.698,0.422,-0.0355
Thiruvallur,2019,6.47,5.9773,0.4927,-0.0355
Thiruvallur,2020,5.79,6.2255,-0.4355,-0.0355
Thiruvallur,2021,4.7,6.0557,-1.3557,-0.0355
Thiruvallur,2022,3.8,5.3898,-1.5898,-0.0355
Thiruvallur,2023,4.78,4.5584,0.2216,-0.0355
Thiruvallur,2024,4.85,4.5601,0.2899,-0.0355
Thiruvallur,2025,3.64,4.7243,-1.0843,-0.0355
Thiruvarur,2011,3.42,0.0,3.42,0.0386
Thiruvarur,2012,3.51,3.42,0.09,0.0386
Thiruvarur,2013,2.69,3.4596,-0.7696,0.0386
Thiruvarur,2014,3.85,3.1569,0.6931,0.0386
Thiruvarur,2015,2.31,3.205,-0.895,0.0386
Thiruvarur,2016,3.3,3.1653,0.1347,0.0386
Thiruvarur,2017,5.22,2.7675,2.4525,0.0386
Thiruvarur,2018,4.08,4.1011,-0.0211,0.0386
Thiruvarur,2019,5.94,4.688,1.252,0.0386
Thiruvarur,2020,4.19,4.9002,-0.7102,0.0386
Thiruvarur,2021,4.47,5.1499,-0.6799,0.0386
Thiruvarur,2022,3.58,4.3476,-0.7676,0.0386
Thiruvarur,2023,3.24,4.0842,-0.8442,0.0386
Thiruvarur,2024,3.69,3.4542,0.2358,0.0386
Thiruvarur,2025,3.29,3.4411,-0.1511,0.0386
Thoothukudi,2011,4.02,0.0,4.02,-0.1101
Thoothukudi,2012,4.4,4.02,0.38,-0.1101
Thoothukudi,2013,6.36,4.2917,2.0683,-0.1101
Thoothukudi,2014,7.1,5.5935,1.5065,-0.1101
Thoothukudi,2015,5.34,6.1853,-0.8453,-0.1101
Thoothukudi,2016,4.81,5.2983,-0.4883,-0.1101
Thoothukudi,2017,8.81,5.0053,3.8047,-0.1101
Thoothukudi,2018,6.12,7.1732,-1.0532,-0.1101
Thoothukudi,2019,6.99,5.9052,1.0848,-0.1101
Thoothukudi,2020,4.73,6.3827,-1.6527,-0.1101
Thoothukudi,2021,3.78,5.2668,-1.4868,-0.1101
Thoothukudi,2022,4.05,4.7393,-0.6893,-0.1101
Thoothukudi,2023,4.94,4.8044,0.1356,-0.1101
Thoothukudi,2024,3.81,5.1966,-1.3866,-0.1101
Thoothukudi,2025,3.83,4.6211,-0.7911,-0.1101
Tiruchirappalli,2011,7.53,0.0,7.53,-0.2441
Tiruchirappalli,2012,6.8,7.53,-0.73,-0.2441
Tiruchirappalli,2013,9.41,6.9732,2.4368,-0.2441
Tiruchirappalli,2014,12.26,8.7992,3.4608,-0.2441
Tiruchirappalli,2015,12.44,11.3252,1.1148,-0.2441
Tiruchirappalli,2016,9.07,12.0866,-3.0166,-0.2441
Tiruchirappalli,2017,12.97,9.823,3.147,-0.2441
Tiruchirappalli,2018,10.25,12.2115,-1.9615,-0.2441
Tiruchirappalli,2019,10.75,10.7024,0.0476,-0.2441
Tiruchirappalli,2020,10.62,10.7696,-0.1496,-0.2441
Tiruchirappalli,2021,8.19,10.66,-2.47,-0.2441
Tiruchirappalli,2022,5.18,8.8298,-3.6498,-0.2441
Tiruchirappalli,2023,6.23,6.1664,0.0636,-0.2441
Tiruchirappalli,2024,7.24,6.2832,0.9568,-0.2441
Tiruchirappalli,2025,5.4,6.997,-1.597,-0.2441
Tirunelveli,2011,6.63,0.0,6.63,-0.1113
Tirunelveli,2012,5.21,6.63,-1.42,-0.1113
Tirunelveli,2013,6.73,5.9739,0.7561,-0.1113
Tirunelveli,2014,8.25,6.1178,2.1322,-0.1113
Tirunelveli,2015,5.18,6.5874,-1.4074,-0.1113
Tirunelveli,2016,5.26,6.5223,-1.2623,-0.1113
Tirunelveli,2017,10.2,6.2512,3.9488,-0.1113
Tirunelveli,2018,6.4,6.5763,-0.1763,-0.1113
Tirunelveli,2019,7.61,6.8766,0.7334,-0.1113
Tirunelveli,2020,5.56,6.897,-1.337,-0.1113
Tirunelveli,2021,4.35,6.8535,-2.5035,-0.1113
Tirunelveli,2022,4.08,6.5518,-2.4718,-0.1113
Tirunelveli,2023,7.65,6.1798,1.4702,-0.1113
Tirunelveli,2024,4.14,6.1003,-1.9603,-0.1113
Tirunelveli,2025,5.46,6.0997,-0.6397,-0.1113
Tirupathur,2011,9.96,0.0,9.96,-0.3759
Tirupathur,2012,9.96,9.96,-0.0,-0.3759
Tirupathur,2013,9.96,9.96,0.0,-0.3759
Tirupathur,2014,9.96,9.96,-0.0,-0.3759
Tirupathur,2015,9.96,9.96,0.0,-0.3759
Tirupathur,2016,9.96,9.96,-0.0,-0.3759
Tirupathur,2017,9.96,9.96,0.0,-0.3759
Tirupathur,2018,9.96,9.96,-0.0,-0.3759
Tirupathur,2019,9.96,9.96,0.0,-0.3759
Tirupathur,2020,9.96,9.96,-0.0,-0.3759
Tirupathur,2021,8.53,9.96,-1.43,-0.3759
Tirupathur,2022,4.06,8.0528,-3.9928,-0.3759
Tirupathur,2023,4.83,2.9725,1.8575,-0.3759
Tirupathur,2024,6.37,6.0286,0.3414,-0.3759
Tirupathur,2025,5.65,5.8534,-0.2034,-0.3759
Tiruppur,2011,7.94,0.0,7.94,-0.2141
Tiruppur,2012,8.465,7.94,0.525,-0.2141
Tiruppur,2013,13.75,8.5981,5.1519,-0.2141
Tiruppur,2014,12.77,15.247,-2.477,-0.2141
Tiruppur,2015,9.06,11.2608,-2.2008,-0.2141
Tiruppur,2016,11.25,8.9808,2.2692,-0.2141
Tiruppur,2017,14.64,12.1108,2.5292,-0.2141
Tiruppur,2018,11.56,15.1855,-3.6255,-0.2141
Tiruppur,2019,11.22,9.9395,1.2805,-0.2141
Tiruppur,2020,11.61,12.4531,-0.8431,-0.2141
Tiruppur,2021,8.73,10.7193,-1.9893,-0.2141
Tiruppur,2022,7.13,8.3686,-1.2386,-0.2141
Tiruppur,2023,7.47,6.8144,0.6556,-0.2141
Tiruppur,2024,7.71,7.8704,-0.1604,-0.2141
Tiruppur,2025,8.26,7.4635,0.7965,-0.2141
Tiruvannamalai,2011,5.76,0.0,5.76,-0.1579
Tiruvannamalai,2012,5.54,5.76,-0.22,-0.1579
Tiruvannamalai,2013,6.57,5.6407,0.9293,-0.1579
Tiruvannamalai,2014,9.82,6.0674,3.7526,-0.1579
Tiruvannamalai,2015,9.58,7.9968,1.5832,-0.1579
Tiruvannamalai,2016,5.81,9.2039,-3.3939,-0.1579
Tiruvannamalai,2017,10.38,7.6631,2.7169,-0.1579
Tiruvannamalai,2018,7.39,8.5173,-1.1273,-0.1579
Tiruvannamalai,2019,10.83,8.4301,2.3999,-0.1579
Tiruvannamalai,2020,7.83,9.3305,-1.5005,-0.1579
Tiruvannamalai,2021,5.75,8.975,-3.225,-0.1579
Tiruvannamalai,2022,4.42,7.1438,-2.7238,-0.1579
Tiruvannamalai,2023,4.54,5.4929,-0.9529,-0.1579
Tiruvannamalai,2024,6.3,4.7723,1.5277,-0.1579
Tiruvannamalai,2025,4.33,5.4505,-1.1205,-0.1579
Vellore,2011,6.51,0.0,6.51,-0.2142
Vellore,2012,8.76,6.51,2.25,-0.2142
Vellore,2013,10.17,8.3768,1.7932,-0.2142
Vellore,2014,9.08,9.5674,-0.4874,-0.2142
Vellore,2015,9.67,8.7868,0.8832,-0.2142
Vellore,2016,11.53,9.2754,2.2546,-0.2142
Vellore,2017,10.48,10.7302,-0.2502,-0.2142
Vellore,2018,7.99,10.0149,-2.0249,-0.2142
Vellore,2019,11.12,8.2025,2.9175,-0.2142
Vellore,2020,9.42,10.4929,-1.0729,-0.2142
Vellore,2021,8.38,9.2947,-0.9147,-0.2142
Vellore,2022,4.4,8.5475,-4.1475,-0.2142
Vellore,2023,6.07,5.6619,0.4081,-0.2142
Vellore,2024,6.75,6.7872,-0.0372,-0.2142
Vellore,2025,6.33,7.2335,-0.9035,-0.2142
Villupuram,2011,4.16,0.0,4.16,-0.1594
Villupuram,2012,5.39,4.16,1.23,-0.1594
Villupuram,2013,6.97,5.1164,1.8536,-0.1594
Villupuram,2014,8.05,6.744,1.306,-0.1594
Villupuram,2015,8.16,7.9124,0.2476,-0.1594
Villupuram,2016,6.43,8.1872,-1.7572,-0.1594
Villupuram,2017,9.88,6.7701,3.1099,-0.1594
Villupuram,2018,8.09,9.0601,-0.9701,-0.1594
Villupuram,2019,9.98,8.7467,1.2333,-0.1594
Villupuram,2020,7.76,9.3618,-1.6018,-0.1594
Villupuram,2021,4.62,8.4311,-3.8111,-0.1594
Villupuram,2022,4.28,5.0137,-0.7337,-0.1594
Villupuram,2023,4.02,4.2072,-0.1872,-0.1594
Villupuram,2024,4.76,4.0987,0.6613,-0.1594
Villupuram,2025,3.71,4.5821,-0.8721,-0.1594
Virudhunagar,2011,6.29,0.0,6.29,-0.2281
Virudhunagar,2012,6.1,6.29,-0.19,-0.2281
Virudhunagar,2013,9.5,6.1388,3.3612,-0.2281
Virudhunagar,2014,10.44,8.7863,1.6537,-0.2281
Virudhunagar,2015,8.55,10.1098,-1.5598,-0.2281
Virudhunagar,2016,7.56,8.8908,-1.3308,-0.2281
Virudhunagar,2017,10.93,7.8325,3.0975,-0.2281
Virudhunagar,2018,8.77,10.2645,-1.4945,-0.2281
Virudhunagar,2019,11.04,9.1067,1.9333,-0.2281
Virudhunagar,2020,9.32,10.6198,-1.2998,-0.2281
Virudhunagar,2021,7.21,9.6082,-2.3982,-0.2281
Virudhunagar,2022,6.0,7.7106,-1.7106,-0.2281
Virudhunagar,2023,5.71,6.3485,-0.6385,-0.2281
Virudhunagar,2024,3.75,5.8353,-2.0853,-0.2281
Virudhunagar,2025,4.48,4.189,0.291,-0.2281
