District,Year,GW_May,Crop_Water_Stress_Index,CASA_Pred_1yr,GW_Trend_m_yr,CASA_Pred_3yr,CASA_Pred_5yr,CASA_Residual
Ariyalur,2012,5.74,1706.5572581814668,7.2764297,-0.3103571428571429,6.655715367453439,6.0350010817391535,-1.5364296531677244
Ariyalur,2013,6.31,1730.674994439914,6.5184298,-0.3103571428571429,5.897715470450265,5.27700118473598,-0.20842975616455117
Ariyalur,2014,9.03,1763.7387387387384,6.878926,-0.3103571428571429,6.258211514609201,5.637497228894915,2.151074199676513
Ariyalur,2015,4.72,1771.4572766289505,5.084078,-0.3103571428571429,4.463363549368722,3.8426492636544363,-0.36407783508300806
Ariyalur,2016,5.72,1616.7745546578408,6.3862686,-0.3103571428571429,5.765554330008371,5.144840044294085,-0.6662686157226565
Ariyalur,2017,6.43,1731.530964467005,5.9190288,-0.3103571428571429,5.2983144732884,4.677600187574114,0.5109712409973142
Ariyalur,2018,5.72,1752.990894614348,5.4824314,-0.3103571428571429,4.8617171260288785,4.241002840314593,0.2375685882568357
Ariyalur,2019,7.07,1767.010203241998,5.7333283,-0.3103571428571429,5.112614056723459,4.491899771009173,1.3366716575622561
Ariyalur,2020,5.35,1706.5817099665892,5.5074434,-0.3103571428571429,4.886729142325265,4.26601485661098,-0.15744342803955114
Ariyalur,2021,4.33,1725.0254025660895,4.742579,-0.3103571428571429,4.121864697592599,3.501150411878313,-0.4125789833068847
Ariyalur,2022,3.54,1725.23696274084,4.598991,-0.3103571428571429,3.978276631491525,3.357562345777239,-1.0589909172058105
Chengalpattu,2019,5.84,1200.0,4.549532,-0.3192857142857142,3.9109605080740795,3.272389079502651,1.290468063354492
Chengalpattu,2020,5.84,2318.2388272084977,3.8757424,-0.3192857142857142,3.237171006883894,2.5985995783124656,1.9642575645446776
Chengalpattu,2021,2.6,2309.4444444444443,3.0970194,-0.3192857142857142,2.4584480054037914,1.819876576832363,-0.49701943397521964
Chengalpattu,2022,3.77,2338.005944507555,3.5060687,-0.3192857142857142,2.867497277941023,2.2289258493695945,0.26393129348754885
Chennai,2018,4.892083333333333,2500.0,4.466708,-0.38673480576441094,3.6932385717597525,2.9197689602309307,0.4253751500447587
Chennai,2019,4.646111111111111,2500.0,4.3376827,-0.38673480576441094,3.5642131124702017,2.79074350094138,0.3084283871120874
Chennai,2020,4.400138888888889,2500.0,4.323066,-0.38673480576441094,3.5495966230598013,2.7761270115309795,0.07707265430026577
Chennai,2022,3.696315789473684,2487.7049180327867,4.1047754,-0.38673480576441094,3.331305817243151,2.557836205714329,-0.40845963929828866
Coimbatore,2012,8.62,1340.759576736937,15.518296,-0.5739285714285715,14.37043909890311,13.222581956045968,-6.898296241760255
Coimbatore,2013,11.1,914.6828867509475,15.383819,-0.5739285714285715,14.235961483546665,13.088104340689522,-4.283818626403809
Coimbatore,2014,16.15,888.0457458841272,16.449572,-0.5739285714285715,15.301714466639927,14.153857323782784,-0.29957160949707173
Coimbatore,2015,13.12,886.2900090708824,14.445844,-0.5739285714285715,13.297986553737095,12.150129410879952,-1.325843696594239
Coimbatore,2016,14.46,835.9015695340065,16.647003,-0.5739285714285715,15.499146030970982,14.351288888113839,-2.187003173828124
Coimbatore,2017,17.63,819.6441766611722,16.542383,-0.5739285714285715,15.394526051112583,14.24666890825544,1.0876168060302724
Coimbatore,2018,15.96,865.8182011821715,14.389711,-0.5739285714285715,13.24185423714774,12.093997094290597,1.570288619995118
Coimbatore,2019,13.94,817.8354137507498,13.0999155,-0.5739285714285715,11.952058361598423,10.80420121874128,0.8400844955444331
Coimbatore,2020,12.88,832.8737135384091,13.129977,-0.5739285714285715,11.982120083400181,10.834262940543038,-0.24997722625732344
Coimbatore,2021,12.67,851.8588906045849,12.913674,-0.5739285714285715,11.76581721169608,10.617960068838936,-0.24367435455322273
Coimbatore,2022,11.53,852.8117359413203,12.234603,-0.5739285714285715,11.086745785304478,9.938888642447335,-0.7046029281616217
Cuddalore,2012,6.55,2237.746776610609,7.2966022,-0.5675,6.161602249145508,5.026602249145508,-0.746602249145508
Cuddalore,2013,8.24,2182.871733952201,7.3974447,-0.5675,6.262444725036621,5.1274447250366215,0.8425552749633791
Cuddalore,2014,7.12,2180.587445006314,6.675963,-0.5675,5.540962924957276,4.405962924957276,0.4440370750427247
Cuddalore,2015,6.51,2208.11816093,6.7946515,-0.5675,5.659651508331299,4.524651508331299,-0.28465150833129904
Cuddalore,2016,5.67,2206.293968557378,6.5279,-0.5675,5.392900218963623,4.2579002189636235,-0.8579002189636231
Cuddalore,2017,7.65,2193.6499972798656,7.0154743,-0.5675,5.880474319458008,4.745474319458008,0.6345256805419925
Cuddalore,2018,7.64,2201.082895244884,6.761225,-0.5675,5.62622522354126,4.49122522354126,0.8787747764587399
Cuddalore,2019,8.0,2188.1337833909747,6.6887474,-0.5675,5.55374740600586,4.41874740600586,1.3112525939941406
Cuddalore,2020,6.78,2166.979180794792,6.4316316,-0.5675,5.296631565093994,4.161631565093995,0.3483684349060061
Cuddalore,2021,5.89,2182.2255635796914,6.017264,-0.5675,4.882263889312744,3.747263889312744,-0.12726388931274446
Cuddalore,2022,4.55,2168.4302273938533,5.6313357,-0.5675,4.496335735321045,3.361335735321045,-1.081335735321045
Dharmapuri,2012,10.94,1697.016836792346,13.044918,-1.227857142857143,10.589203774588448,8.133489488874162,-2.104918060302735
Dharmapuri,2013,13.77,1515.1327937358565,11.939599,-1.227857142857143,9.483884751456124,7.028170465741838,1.8304009628295894
Dharmapuri,2014,10.72,1419.4468041727548,9.689592,-1.227857142857143,7.233878075735909,4.778163790021623,1.0304076385498053
Dharmapuri,2015,8.89,1603.108545835055,9.760225,-1.227857142857143,7.304511010306221,4.848796724591936,-0.8702252960205072
Dharmapuri,2016,8.47,1334.3339262773004,11.381728,-1.227857142857143,8.92601388658796,6.470299600873674,-2.9117281723022455
Dharmapuri,2017,11.28,1444.4840084947386,11.755889,-1.227857142857143,9.300174653189522,6.844460367475237,-0.47588893890380923
Dharmapuri,2018,11.06,944.038183065315,10.56058,-1.227857142857143,8.104865967886788,5.649151682172502,0.4994197463989263
Dharmapuri,2019,13.97,1161.138855564545,11.222494,-1.227857142857143,8.766779839651925,6.311065553937639,2.7475058746337897
Dharmapuri,2020,12.27,1306.9743464517792,9.600907,-1.227857142857143,7.1451930400303425,4.689478754316057,2.6690926742553707
Dharmapuri,2021,10.65,1386.1998823017682,8.75552,-1.227857142857143,6.299805581229073,3.8440912955147875,1.894480133056641
Dharmapuri,2022,6.47,1432.9559957118793,7.614919,-1.227857142857143,5.159204899924141,2.703490614209856,-1.144919185638428
Dindigul,2012,7.54,1412.7957073476423,11.878144,-1.0257142857142856,9.82671569279262,7.775287121364049,-4.338144264221191
Dindigul,2013,11.23,1019.14654128375,11.89506,-1.0257142857142856,9.843631014142717,7.792202442714147,-0.6650595855712886
Dindigul,2014,13.4,1049.2970406338843,10.5717325,-1.0257142857142856,8.520303949628557,6.468875378199987,2.8282674789428714
Dindigul,2015,9.03,1157.7270352178912,8.810105,-1.0257142857142856,6.758676752362932,4.707248180934362,0.21989467620849545
Dindigul,2016,9.98,904.1160430021556,12.785391,-1.0257142857142856,10.733962282453264,8.682533711024693,-2.8053908538818355
Dindigul,2017,13.43,1033.141348948538,10.94869,-1.0257142857142856,8.89726184300014,6.845833271571569,2.481309585571289
Dindigul,2018,11.65,1058.8942722658903,10.12155,-1.0257142857142856,8.07012103489467,6.0186924634661,1.5284503936767582
Dindigul,2019,11.64,1006.6847664139324,10.191572,-1.0257142857142856,8.140143617902483,6.088715046473912,1.4484278106689459
Dindigul,2020,11.72,1057.531240345588,10.339415,-1.0257142857142856,8.287986025129046,6.236557453700475,1.3805854034423835
Dindigul,2021,8.61,1102.4573915779538,8.498493,-1.0257142857142856,6.4470646231515065,4.395636051722936,0.1115068054199213
Dindigul,2022,6.32,1141.356061569775,8.245996,-1.0257142857142856,6.194567903791155,4.143139332362584,-1.9259964752197263
Erode,2012,8.42,1350.0468732767176,11.332246,-0.5500000000000002,10.232245826721192,9.13224582672119,-2.9122458267211915
Erode,2013,10.44,1752.4535069475842,10.844213,-0.5500000000000002,9.744212532043457,8.644212532043456,-0.40421253204345753
Erode,2014,10.59,1775.083501202157,10.132364,-0.5500000000000002,9.03236427307129,7.932364273071288,0.4576357269287108
Erode,2015,7.96,1740.6724685656318,9.03164,-0.5500000000000002,7.93164005279541,6.831640052795409,-1.0716400527954102
Erode,2016,9.41,1121.01291450658,11.263724,-0.5500000000000002,10.163724327087403,9.063724327087401,-1.8537243270874022
Erode,2017,13.12,1405.169240948659,11.113774,-0.5500000000000002,10.013774299621582,8.913774299621581,2.006225700378417
Erode,2018,10.81,1811.571048522353,8.68094,-0.5500000000000002,7.580939674377441,6.48093967437744,2.129060325622559
Erode,2019,9.74,1809.260353281739,8.203663,-0.5500000000000002,7.103662872314453,6.003662872314452,1.536337127685547
Erode,2020,8.91,1718.698750038389,7.7213664,-0.5500000000000002,6.62136640548706,5.5213664054870595,1.1886335945129396
Erode,2021,8.88,1725.4245865769617,7.801704,-0.5500000000000002,6.7017039299011225,5.601703929901122,1.0782960700988777
Erode,2022,4.98,1743.3604376550777,6.251947,-0.5500000000000002,5.151946926116943,4.051946926116942,-1.271946926116943
Kallakurichi,2020,12.47,1805.9947871416164,7.9443645,-1.1603571428571429,5.6236502620152065,3.3029359763009207,4.5256354522705085
Kallakurichi,2021,6.26,1799.2441550701217,6.428124,-1.1603571428571429,4.107409665243966,1.7866953795296805,-0.16812395095825217
Kallakurichi,2022,5.97,1865.238642338325,7.661802,-1.1603571428571429,5.341087529318673,3.0203732436043875,-1.6918018150329592
Kanchipuram,2012,1.7986486486486486,2244.121002740369,4.0506964,-0.395,3.26069637298584,2.4706963729858398,-2.2520477243371912
Kanchipuram,2013,2.635405405405405,2306.2912356438865,3.9602077,-0.395,3.17020770072937,2.38020770072937,-1.3248022953239653
Kanchipuram,2014,3.472162162162162,2273.7934442431238,4.574183,-0.395,3.7841829872131347,2.9941829872131347,-1.1020208250509729
Kanchipuram,2015,6.55,2347.259543808701,5.2327414,-0.395,4.442741355895996,3.652741355895996,1.3172586441040037
Kanchipuram,2016,3.88,2321.7487373737376,4.8891277,-0.395,4.099127731323242,3.309127731323242,-1.0091277313232423
Kanchipuram,2017,6.22,2344.800150419096,4.960876,-0.395,4.170875988006592,3.3808759880065917,1.259124011993408
Kanchipuram,2018,4.51,2250.7358691788127,4.082696,-0.395,3.292695960998535,2.502695960998535,0.42730403900146463
Kanchipuram,2019,6.08,2343.079636218228,4.7374783,-0.395,3.947478256225586,3.157478256225586,1.3425217437744141
Kanchipuram,2020,4.92,2427.5208325026915,4.7069936,-0.395,3.916993579864502,3.126993579864502,0.21300642013549798
Kanchipuram,2021,3.4,2440.014684287812,2.9203784,-0.395,2.1303784465789795,1.3403784465789794,0.4796215534210204
Kanchipuram,2022,2.77,2450.530508916273,2.9799006,-0.395,2.189900598526001,1.399900598526001,-0.20990059852600096
Kanniyakumari,2012,6.17,2496.262959093466,7.086326,-0.28285714285714286,6.52061183656965,5.954897550855364,-0.9163261222839356
Kanniyakumari,2013,8.23,2496.9224005275883,7.0877423,-0.28285714285714286,6.522028042929513,5.956313757215227,1.1422576713562016
Kanniyakumari,2014,5.58,2495.702179176755,5.5634165,-0.28285714285714286,4.997702195303781,4.431987909589495,0.016583518981933665
Kanniyakumari,2015,4.49,2493.097358722359,5.394334,-0.28285714285714286,4.828619553702218,4.262905267987932,-0.9043338394165037
Kanniyakumari,2016,4.36,2491.326739148206,6.4979835,-0.28285714285714286,5.932269169943673,5.366554884229387,-2.1379834556579587
Kanniyakumari,2017,8.81,2497.5839900456244,6.979181,-0.28285714285714286,6.4134665271214075,5.847752241407122,1.8308191871643071
Kanniyakumari,2018,6.15,2495.721434528774,5.6859856,-0.28285714285714286,5.120271279471261,4.554556993756975,0.4640144348144535
Kanniyakumari,2019,7.61,2498.7431693989074,6.0932684,-0.28285714285714286,5.527554108755929,4.961839823041643,1.5167316055297855
Kanniyakumari,2020,5.84,2497.800586510264,5.539072,-0.28285714285714286,4.973357751028878,4.407643465314592,0.3009279632568358
Kanniyakumari,2021,3.66,2498.6923546334237,4.7344966,-0.28285714285714286,4.168782307761056,3.60306802204677,-1.0744965934753417
Kanniyakumari,2022,4.86,2497.988377291015,5.113449,-0.28285714285714286,4.547734810965402,3.982020525251116,-0.2534490966796872
Karur,2012,8.06,2031.635505310889,8.774524,-0.4871428571428571,7.8002380207606725,6.825952306474958,-0.7145237350463862
Karur,2013,10.56,1318.757108882225,8.120069,-0.4871428571428571,7.145782835824149,6.171497121538435,2.439931449890137
Karur,2014,9.4,1267.2128349547704,6.8919635,-0.4871428571428571,5.917677767617362,4.943392053331648,2.508036518096924
Karur,2015,7.44,1380.5525925540494,6.358703,-0.4871428571428571,5.384417422158378,4.410131707872663,1.0812968635559086
Karur,2016,5.15,1251.6242452036995,6.0110464,-0.4871428571428571,5.036760695321219,4.062474981035505,-0.8610464096069332
Karur,2017,8.24,1313.098131232716,7.338541,-0.4871428571428571,6.364255316598075,5.389969602312361,0.9014589691162112
Karur,2018,6.36,1328.865373309818,5.974307,-0.4871428571428571,5.000021345955985,4.025735631670271,0.3856929397583011
Karur,2019,7.27,1218.937603700538,6.5376506,-0.4871428571428571,5.563364870888846,4.589079156603132,0.732349414825439
Karur,2020,7.23,1327.1627622109936,6.499669,-0.4871428571428571,5.525383360726493,4.551097646440779,0.7303309249877934
Karur,2021,5.27,1351.96613055383,5.794844,-0.4871428571428571,4.820558436257499,3.8462727219717845,-0.5248441505432133
Karur,2022,4.31,1382.589610515594,5.750576,-0.4871428571428571,4.776290305001395,3.802004590715681,-1.4405760192871098
Krishnagiri,2012,8.02,1761.2503192485597,10.102587,-1.044642857142857,8.013301031930107,5.924015317644392,-2.0825867462158207
Krishnagiri,2013,9.17,1841.3664884963976,9.319272,-1.044642857142857,7.229986327035087,5.140700612749373,-0.14927204132080085
Krishnagiri,2014,8.32,1696.2297626968284,8.566371,-1.044642857142857,6.4770852497645794,4.387799535478865,-0.24637096405029268
Krishnagiri,2015,6.9,1758.9065696749262,8.279046,-1.044642857142857,6.189760344369072,4.100474630083357,-1.3790460586547848
Krishnagiri,2016,8.11,1663.9545750615953,9.581008,-1.044642857142857,7.491722243172783,5.402436528887068,-1.4710079574584967
Krishnagiri,2017,11.58,1844.8664964012075,9.72034,-1.044642857142857,7.631054060799736,5.541768346514021,1.8596602249145509
Krishnagiri,2018,8.06,1770.5495832269148,7.989771,-1.044642857142857,5.900485174996513,3.8111994607107986,0.07022911071777393
Krishnagiri,2019,9.49,1887.3317768042184,8.634457,-1.044642857142857,6.545170920235771,4.455885205950056,0.8555433654785158
Krishnagiri,2020,9.11,1787.1952273906277,8.407093,-1.044642857142857,6.31780733380999,4.228521619524275,0.7029069519042963
Krishnagiri,2021,9.39,1827.4196151208296,8.493066,-1.044642857142857,6.403780119759697,4.314494405473982,0.8969341659545904
Krishnagiri,2022,6.62,1884.8380069154357,7.694333,-1.044642857142857,5.605047362191337,3.515761647905623,-1.0743330764770507
Madurai,2012,4.75,2038.9611338398597,8.146461,-0.765357142857143,6.615746247427804,5.0850319617135185,-3.39646053314209
Madurai,2013,8.4,1858.7541885041671,8.75888,-0.765357142857143,7.228165375845773,5.697451090131487,-0.35887966156005824
Madurai,2014,9.22,1881.898214356,8.315143,-0.765357142857143,6.784428345816476,5.25371406010219,0.9048573684692389
Madurai,2015,6.3,1998.5745627474291,7.703187,-0.765357142857143,6.172472703116281,4.641758417401995,-1.4031869888305666
Madurai,2016,7.5,1430.7805121285896,8.671003,-0.765357142857143,7.140289055960519,5.609574770246233,-1.1710033416748047
Madurai,2017,9.34,1637.1222573323248,8.15869,-0.765357142857143,6.627976166861398,5.097261881147112,1.1813095474243163
Madurai,2018,9.28,1943.6246908382889,8.116056,-0.765357142857143,6.5853421565464565,5.054627870832171,1.1639435577392572
Madurai,2019,8.55,1864.927649363228,7.269398,-0.765357142857143,5.738683926718576,4.20796964100429,1.2806017875671394
Madurai,2020,8.46,1856.2939128467465,7.6626964,-0.765357142857143,6.131982075827462,4.601267790113177,0.7973036384582528
Madurai,2021,6.29,1969.9788651554,6.3267527,-0.765357142857143,4.796038376944406,3.2653240912301196,-0.03675266265869137
Madurai,2022,5.79,1975.03868652392,6.253366,-0.765357142857143,4.72265170778547,3.191937422071184,-0.4633659934997558
Mayiladuthurai,2020,1.66,2482.75131583859,1.7912612,0.33035714285714285,2.45197548185076,3.112689767565046,-0.1312611961364747
Mayiladuthurai,2021,1.66,2484.687703706424,1.7907393,0.33035714285714285,2.451453583581107,3.1121678692953925,-0.13073929786682137
Mayiladuthurai,2022,1.66,2485.394939862064,1.7883837,0.33035714285714285,2.4490980080195834,3.109812293733869,-0.12838372230529793
Nagapattinam,2012,3.4,2481.70452177537,3.885576,-0.1667857142857143,3.5520045811789376,3.218433152607509,-0.4855760097503663
Nagapattinam,2013,3.02,2482.199277166903,3.5554225,-0.1667857142857143,3.2218511159079415,2.888279687336513,-0.5354225444793701
Nagapattinam,2014,3.31,2484.7841871722467,3.4516323,-0.1667857142857143,3.1180608327048165,2.784489404133388,-0.14163226127624506
Nagapattinam,2015,2.61,2484.0707697325897,3.3041365,-0.1667857142857143,2.9705650860922677,2.636993657520839,-0.6941365146636964
Nagapattinam,2016,2.83,2484.88675932264,3.8576279,-0.1667857142857143,3.524056440080915,3.1904850115094865,-1.0276278686523437
Nagapattinam,2017,4.63,2484.167884181166,3.9323108,-0.1667857142857143,3.598739391054426,3.2651679624829972,0.6976891803741454
Nagapattinam,2018,4.88,2482.7775035841028,3.9012241,-0.1667857142857143,3.5676527077811104,3.234081279209682,0.9787758636474608
Nagapattinam,2019,3.39,2476.8191153284506,3.2820766,-0.1667857142857143,2.9485051686423165,2.614933740070888,0.10792340278625501
Nagapattinam,2020,4.02,2470.440494590417,3.538823,-0.1667857142857143,3.2052514607565743,2.8716800321851457,0.48117711067199664
Nagapattinam,2021,3.05,2472.3805100913746,3.1670682,-0.1667857142857143,2.8334968144553048,2.499925385883876,-0.11706824302673358
Nagapattinam,2022,3.13,2473.927226808222,3.1816776,-0.1667857142857143,2.848106151308332,2.5145347227369035,-0.05167757987976085
Namakkal,2012,11.74,1234.4712056604658,13.910755,-1.1796428571428568,11.55146944318499,9.192183728899277,-2.170755157470703
Namakkal,2013,14.63,917.1445657048888,13.107042,-1.1796428571428568,10.747756598336357,8.388470884050644,1.5229576873779305
Namakkal,2014,14.66,940.2479774885684,12.272578,-1.1796428571428568,9.913292525155205,7.554006810869491,2.387421760559082
Namakkal,2015,12.04,997.207201952959,11.768588,-1.1796428571428568,9.409302351815361,7.050016637529647,0.27141193389892493
Namakkal,2016,11.91,881.7302829620711,12.562532,-1.1796428571428568,10.203246710641045,7.843960996355331,-0.6525324249267577
Namakkal,2017,15.16,904.1778986717052,13.08398,-1.1796428571428568,10.724693892342705,8.365408178056992,2.076020393371582
Namakkal,2018,11.71,922.6704332351792,11.106067,-1.1796428571428568,8.746780989510674,6.38749527522496,0.6039332962036141
Namakkal,2019,14.04,942.5682111042636,12.317347,-1.1796428571428568,9.958060858590263,7.5987751443045495,1.7226534271240226
Namakkal,2020,12.91,937.5590218588304,11.493419,-1.1796428571428568,9.134132979256767,6.774847264971053,1.4165813064575197
Namakkal,2021,11.69,952.775375548509,11.084524,-1.1796428571428568,8.725238440377373,6.365952726091659,0.6054758453369136
Namakkal,2022,8.05,972.9319632054362,9.631646,-1.1796428571428568,7.272360442025322,4.913074727739608,-1.5816461563110344
Perambalur,2012,5.34,1368.5862049993582,11.303819,-1.0110714285714284,9.281675845554897,7.25953298841204,-5.963818702697754
Perambalur,2013,13.18,1314.4051478695917,12.305955,-1.0110714285714284,10.283812076023647,8.26166921888079,0.8740450668334958
Perambalur,2014,9.0,1406.7792160584827,8.384797,-1.0110714285714284,6.362654239109585,4.340511381966728,0.6152029037475586
Perambalur,2015,8.77,1437.932418221066,10.064079,-1.0110714285714284,8.041936427525112,6.019793570382255,-1.2940792846679692
Perambalur,2016,7.1,1263.4921220619167,11.081526,-1.0110714285714284,9.059382945469448,7.037240088326591,-3.981525802612305
Perambalur,2017,12.55,1417.0154387185282,10.681541,-1.0110714285714284,8.659398585728237,6.63725572858538,1.868458557128907
Perambalur,2018,9.28,1237.5655886819118,8.565272,-1.0110714285714284,6.543129474094936,4.520986616952079,0.7147276687622064
Perambalur,2019,14.67,1307.289860535243,10.793464,-1.0110714285714284,8.771320849827358,6.749177992684501,3.876536293029785
Perambalur,2020,9.45,1307.238520812969,8.143205,-1.0110714285714284,6.121061831883022,4.098918974740165,1.3067953109741204
Perambalur,2021,7.1,1340.0464054870663,7.0628996,-1.0110714285714284,5.040756732395717,3.0186138752528606,0.037100410461425426
Perambalur,2022,5.01,1320.2161608467832,6.4620876,-1.0110714285714284,4.439944774082729,2.4178019169398723,-1.4520876312255862
Pudukkottai,2012,6.31,2262.955660094085,7.8217883,-0.3035714285714286,7.214645453861781,6.607502596718924,-1.511788311004639
Pudukkottai,2013,7.31,2225.884126737766,8.12032,-0.3035714285714286,7.513177462986537,6.90603460584368,-0.8103203201293949
Pudukkottai,2014,5.41,2285.26354300709,6.808397,-0.3035714285714286,6.2012539591108045,5.594111101967948,-1.398396816253662
Pudukkottai,2015,7.13,2283.2966703905468,7.736217,-0.3035714285714286,7.129074164799281,6.521931307656424,-0.6062170219421388
Pudukkottai,2016,7.73,2290.737693763685,8.466772,-0.3035714285714286,7.859629222324916,7.252486365182059,-0.736772079467773
Pudukkottai,2017,9.99,2294.982757929348,8.523339,-0.3035714285714286,7.9161964144025525,7.309053557259696,1.46666072845459
Pudukkottai,2018,8.84,2272.8967645998555,8.018071,-0.3035714285714286,7.410928317478724,6.803785460335868,0.8219288253784178
Pudukkottai,2019,8.98,2309.7705704039786,7.4795356,-0.3035714285714286,6.872392722538539,6.265249865395682,1.500464420318604
Pudukkottai,2020,6.69,2267.829268963746,6.7896004,-0.3035714285714286,6.1824575151715955,5.575314658028739,-0.09960037231445273
Pudukkottai,2021,5.77,2340.5834353325176,5.934002,-0.3035714285714286,5.326859065464564,4.7197162083217075,-0.1640019226074223
Pudukkottai,2022,4.24,2325.900718131288,5.6792593,-0.3035714285714286,5.072116443089076,4.464973585946219,-1.4392593002319334
Ramanathapuram,2012,3.94,2441.4625309805924,5.0955133,-0.35892857142857143,4.377656200953893,3.659799058096749,-1.1555133438110352
Ramanathapuram,2013,4.91,2373.643173826633,5.1373568,-0.35892857142857143,4.419499615260533,3.70164247240339,-0.22735675811767564
Ramanathapuram,2014,5.18,2377.484137887222,4.873456,-0.35892857142857143,4.155598858424596,3.4377417155674523,0.30654399871826143
Ramanathapuram,2015,4.42,2388.3059610705595,4.836661,-0.35892857142857143,4.118803719111852,3.400946576254708,-0.4166608619689942
Ramanathapuram,2016,4.67,2398.5669133518345,5.243809,-0.35892857142857143,4.525952080317906,3.808094937460763,-0.5738092231750489
Ramanathapuram,2017,5.74,2402.507340643003,5.1294503,-0.35892857142857143,4.411593178340367,3.693736035483224,0.6105496788024904
Ramanathapuram,2018,5.19,2388.359061896987,4.969422,-0.35892857142857143,4.251564720698766,3.5337075778416223,0.2205781364440922
Ramanathapuram,2019,5.04,2356.9849282469177,4.7728195,-0.35892857142857143,4.054962376185826,3.337105233328683,0.2671804809570313
Ramanathapuram,2020,4.95,2375.1262075412897,4.785913,-0.35892857142857143,4.068055847712926,3.3501987048557824,0.16408700942993182
Ramanathapuram,2021,4.23,2381.538787187698,4.573166,-0.35892857142857143,3.8553087506975445,3.1374516078404016,-0.3431658935546871
Ramanathapuram,2022,4.08,2404.4990176817287,4.8343244,-0.35892857142857143,4.116467217036656,3.398610074179513,-0.7543243598937988
Ranipet,2020,8.04,2144.860156265938,5.9148703,-0.6064285714285713,4.7020131192888535,3.489155976431711,2.125129737854003
Ranipet,2021,5.8,2241.7581189096536,5.1699686,-0.6064285714285713,3.9571114621843613,2.7442543193272186,0.6300313949584959
Ranipet,2022,4.45,2216.49415444188,5.3574915,-0.6064285714285713,4.144634350367955,2.9317772075108124,-0.9074914932250975
Salem,2012,9.58,1421.564837801363,12.98923,-0.9346428571428573,11.11994444165911,9.250658727373395,-3.409230155944824
Salem,2013,13.45,1255.8249661420632,13.967768,-0.9346428571428573,12.098482001168387,10.229196286882672,-0.5177677154541023
Salem,2014,13.21,1171.5232311106547,12.034868,-0.9346428571428573,10.16558252607073,8.296296811785016,1.1751317596435555
Salem,2015,10.98,1243.1582421727649,10.949253,-0.9346428571428573,9.079967367989676,7.210681653703961,0.0307469177246098
Salem,2016,10.77,1062.601595090469,12.129162,-0.9346428571428573,10.259876120431082,8.390590406145368,-1.3591618347167973
Salem,2017,13.81,1157.424868857549,13.064487,-0.9346428571428573,11.195201742989676,9.325916028703961,0.7455125427246099
Salem,2018,11.69,1051.4930758393184,10.029021,-0.9346428571428573,8.159735548836844,6.290449834551129,1.660978736877441
Salem,2019,12.46,1108.6680276494394,11.036668,-0.9346428571428573,9.16738210950579,7.298096395220075,1.423332176208497
Salem,2020,10.05,1218.2325624717246,8.785725,-0.9346428571428573,6.9164389256068635,5.047153211321149,1.2642753601074226
Salem,2021,8.97,1181.9611166959046,8.796964,-0.9346428571428573,6.927677977425711,5.0583922631399965,0.17303630828857486
Salem,2022,5.17,1191.2214294192902,7.186597,-0.9346428571428573,5.317311156136649,3.448025441850934,-2.0165968704223634
Sivaganga,2012,4.32,2428.490535512053,7.2963457,-0.7253571428571426,5.845631425040109,4.394917139325824,-2.9763457107543942
Sivaganga,2013,7.05,2413.795239741816,8.460508,-0.7253571428571426,7.009794060843332,5.559079775129047,-1.4105083465576174
Sivaganga,2014,8.85,2434.8745182264847,8.064688,-0.7253571428571426,6.61397344316755,5.163259157453266,0.7853122711181637
Sivaganga,2015,6.98,2428.083900226757,7.25942,-0.7253571428571426,5.808705632346017,4.357991346631732,-0.2794199180603023
Sivaganga,2016,7.18,2433.55575761131,8.3171,-0.7253571428571426,6.866385285513742,5.415670999799457,-1.1370995712280276
Sivaganga,2017,9.79,2433.2732621312907,8.534443,-0.7253571428571426,7.0837286158970425,5.633014330182758,1.255557098388671
Sivaganga,2018,9.07,2428.2295214801256,7.648365,-0.7253571428571426,6.1976507350376675,4.746936449323383,1.4216349792480472
Sivaganga,2019,9.94,2433.7296459033346,7.845328,-0.7253571428571426,6.3946135684422085,4.943899282727924,2.0946721458435054
Sivaganga,2020,6.52,2440.4354741267707,5.7779255,-0.7253571428571426,4.327211205618722,2.8764969199044375,0.7420745086669918
Sivaganga,2021,3.93,2460.0192265372543,5.26678,-0.7253571428571426,3.816065613882883,2.3653513281685976,-1.3367798995971678
Sivaganga,2022,4.34,2463.178023799657,5.4337144,-0.7253571428571426,3.98300010408674,2.532285818372455,-1.0937143898010255
Thanjavur,2012,4.11,2424.3218292856127,4.431641,-0.10785714285714287,4.215926816122872,4.000212530408587,-0.3216411018371579
Thanjavur,2013,4.41,2445.360818811021,4.2827525,-0.10785714285714287,4.067038228171212,3.8513239424569266,0.1272474861145021
Thanjavur,2014,5.84,2457.551513033221,4.5436554,-0.10785714285714287,4.327941109793526,4.112226824079241,1.2963446044921874
Thanjavur,2015,4.6,2455.4850982878884,4.172011,-0.10785714285714287,3.956296612875802,3.7405823271615164,0.42798910140991175
Thanjavur,2016,4.37,2425.4762396427554,4.400935,-0.10785714285714287,4.185220887320382,3.9695066016060965,-0.030935173034667862
Thanjavur,2017,4.22,2426.4789720406643,4.0137444,-0.10785714285714287,3.798030068533761,3.5823157828194754,0.20625564575195288
Thanjavur,2018,3.66,2446.1732932571263,3.7576401,-0.10785714285714287,3.541925837653024,3.326211551938738,-0.09764012336730943
Thanjavur,2019,3.99,2430.7658745308418,3.8569381,-0.10785714285714287,3.641223837988717,3.4255095522744314,0.13306187629699728
Thanjavur,2020,3.64,2425.875101652661,3.7656045,-0.10785714285714287,3.5498902102879115,3.3341759245736258,-0.12560449600219714
Thanjavur,2021,3.42,2437.3680361857805,3.7170918,-0.10785714285714287,3.501377513068063,3.285663227353777,-0.2970917987823487
Thanjavur,2022,3.07,2444.445202035268,3.6520388,-0.10785714285714287,3.4363245269230434,3.2206102412087576,-0.5820388126373293
The nilgiris,2012,2.95,2500.0,2.6977794,-0.1457142857142857,2.4063508456093925,2.114922274180821,0.2522205829620363
The nilgiris,2013,2.98,2450.2958579881656,2.65609,-0.1457142857142857,2.3646614497048515,2.07323287827628,0.32390997886657713
The nilgiris,2014,2.29,2454.545454545455,2.4920993,-0.1457142857142857,2.200670713697161,1.9092421422685897,-0.2020992851257324
The nilgiris,2015,2.61,2481.3664596273293,2.5699012,-0.1457142857142857,2.2784726565224784,1.987044085093907,0.04009877204895007
The nilgiris,2016,2.3,2475.708502024291,2.6422734,-0.1457142857142857,2.350844854627337,2.0594162831987655,-0.3422734260559084
The nilgiris,2017,2.73,2457.317073170732,2.5620158,-0.1457142857142857,2.2705872004372734,1.979158629008702,0.16798422813415526
The nilgiris,2018,2.3,2500.0,2.447545,-0.1457142857142857,2.1561164801461357,1.8646879087175643,-0.1475450515747072
The nilgiris,2019,2.91,2492.3976608187136,2.525006,-0.1457142857142857,2.233577484403338,1.9421489129747664,0.38499394416809096
The nilgiris,2020,2.82,2469.021739130435,2.5245147,-0.1457142857142857,2.2330861037118095,1.9416575322832381,0.295485324859619
The nilgiris,2021,2.29,2475.925925925926,2.4360824,-0.1457142857142857,2.1446537917000907,1.8532252202715194,-0.14608236312866207
The nilgiris,2022,2.49,2423.958333333333,2.4579573,-0.1457142857142857,2.166528696332659,1.8751001249040877,0.032042732238769744
Theni,2012,9.03,1810.258685095256,12.524687,-0.7382142857142856,11.048258241925922,9.57182967049735,-3.494686813354493
Theni,2013,13.0,1527.8631821675635,12.858007,-0.7382142857142856,11.381578859601703,9.90515028817313,0.14199256896972656
Theni,2014,15.51,1525.8424737125529,11.300128,-0.7382142857142856,9.823699411664691,8.347270840236119,4.209872016906738
Theni,2015,9.77,1552.8909542850968,9.279204,-0.7382142857142856,7.802775797162737,6.326347225734166,0.490795631408691
Theni,2016,11.51,1302.281243565987,13.690092,-0.7382142857142856,12.213663515363422,10.73723494393485,-2.1800920867919924
Theni,2017,14.04,1295.570455045065,11.422101,-0.7382142857142856,9.945672449384418,8.469243877955845,2.617898979187011
Theni,2018,10.72,1498.2252124235133,9.519263,-0.7382142857142856,8.04283469608852,6.566406124659947,1.2007367324829108
Theni,2019,9.87,1384.8201839977696,9.890521,-0.7382142857142856,8.414092478070941,6.937663906642369,-0.0205210494995125
Theni,2020,9.67,1412.2108832656195,9.943122,-0.7382142857142856,8.466693338666644,6.990264767238072,-0.2731219100952149
Theni,2021,8.15,1557.356365238185,9.573654,-0.7382142857142856,8.097225603376117,6.620797031947545,-1.4236541748046871
Theni,2022,8.2,1622.9970378114656,9.992655,-0.7382142857142856,8.516226228986469,7.039797657557896,-1.7926548004150398
Thenkasi,2020,8.84,1967.8135306177016,6.032404,-0.6071428571428571,4.818118231637137,3.603832517351423,2.8075960540771483
Thenkasi,2021,5.1,2077.200522985828,5.05438,-0.6071428571428571,3.8400942257472446,2.6258085114615306,0.04562005996704066
Thenkasi,2022,4.55,2005.4408232046185,5.4775186,-0.6071428571428571,4.263232844216483,3.048947129930769,-0.9275185585021974
Thiruvallur,2012,3.7,2326.660494733157,5.45316,-0.36749999999999994,4.718159809112549,3.983159809112549,-1.7531598091125487
Thiruvallur,2013,4.58,2351.036142304426,5.400361,-0.36749999999999994,4.665361061096192,3.9303610610961917,-0.8203610610961913
Thiruvallur,2014,5.14,2378.446033810143,5.2604356,-0.36749999999999994,4.525435581207276,3.7904355812072756,-0.12043558120727571
Thiruvallur,2015,7.11,2381.131438785934,5.706362,-0.36749999999999994,4.971361770629883,4.236361770629883,1.4036382293701175
Thiruvallur,2016,4.46,2387.165519420218,5.6729894,-0.36749999999999994,4.937989368438721,4.202989368438721,-1.2129893684387207
Thiruvallur,2017,6.32,2380.808089895728,5.57658,-0.36749999999999994,4.841580047607422,4.106580047607422,0.7434199523925784
Thiruvallur,2018,6.12,2403.29418716301,5.2764688,-0.36749999999999994,4.541468753814698,3.8064687538146975,0.8435312461853028
Thiruvallur,2019,6.47,2403.351445759752,5.407823,-0.36749999999999994,4.672823085784913,3.9378230857849124,1.0621769142150876
Thiruvallur,2020,5.79,2391.924899912567,5.429142,-0.36749999999999994,4.694141998291016,3.959141998291016,0.3608580017089844
Thiruvallur,2021,4.7,2409.0723483026777,4.7929583,-0.36749999999999994,4.05795825958252,3.32295825958252,-0.09295825958251935
Thiruvallur,2022,3.8,2410.620379120573,4.527345,-0.36749999999999994,3.7923451805114747,3.057345180511475,-0.7273451805114748
Thiruvarur,2012,3.51,2469.1749158643474,4.2173266,-0.3635714285714286,3.4901837839399064,2.763040926797049,-0.7073266410827639
Thiruvarur,2013,2.69,2471.343144204048,3.7389605,-0.3635714285714286,3.011817647389003,2.2846747902461457,-1.0489605045318604
Thiruvarur,2014,3.85,2487.1907717965346,4.01305,-0.3635714285714286,3.285907222202846,2.5587643650599885,-0.16305007934570304
Thiruvarur,2015,2.31,2483.83155969827,3.600631,-0.3635714285714286,2.873488141468593,2.1463452843257356,-1.2906309986114501
Thiruvarur,2016,3.3,2479.847391084093,4.127224,-0.3635714285714286,3.400081111363002,2.6729382542201447,-0.8272239685058596
Thiruvarur,2017,5.22,2475.7438551099613,4.4638133,-0.3635714285714286,3.7366704477582657,3.0095275906154084,0.7561866950988767
Thiruvarur,2018,4.08,2474.2841220403952,4.0162477,-0.3635714285714286,3.289104892185756,2.5619620350428987,0.06375225067138679
Thiruvarur,2019,5.94,2477.1262465705704,4.4031887,-0.3635714285714286,3.6760458483014786,2.9489029911586213,1.5368112945556645
Thiruvarur,2020,4.19,2480.7237155391645,4.055232,-0.3635714285714286,3.3280891908918107,2.6009463337489533,0.13476795196533242
Thiruvarur,2021,4.47,2485.026843442118,3.913055,-0.3635714285714286,3.1859120859418595,2.458769228799002,0.556945056915283
Thiruvarur,2022,3.58,2482.3011576014314,3.5931344,-0.3635714285714286,2.8659915460859025,2.138848688943045,-0.013134403228759695
Thoothukudi,2012,4.4,1422.5132782736855,7.21016,-0.3628571428571428,6.484445492880685,5.7587312071664,-2.8101597785949703
Thoothukudi,2013,6.36,1160.8365067437626,6.680097,-0.3628571428571428,5.9543828174046105,5.228668531690325,-0.32009710311889616
Thoothukudi,2014,7.1,1226.74624990183,5.8355565,-0.3628571428571428,5.10984222139631,4.384127935682025,1.264443492889404
Thoothukudi,2015,5.34,1353.4957417310357,5.384055,-0.3628571428571428,4.658340851919991,3.9326265662057063,-0.044055137634277486
Thoothukudi,2016,4.81,1105.0369685767098,6.9135933,-0.3628571428571428,6.187879006522042,5.462164720807757,-2.1035932922363285
Thoothukudi,2017,8.81,1268.770200268599,6.926467,-0.3628571428571428,6.20075265611921,5.475038370404925,1.8835330581665044
Thoothukudi,2018,6.12,1251.234743738633,5.3583713,-0.3628571428571428,4.632656972067696,3.9069426863534114,0.7616287422180177
Thoothukudi,2019,6.99,1225.5475473185115,5.6938515,-0.3628571428571428,4.96813718523298,4.242422899518695,1.2961485290527346
Thoothukudi,2020,4.73,1277.3541312244242,5.463348,-0.3628571428571428,4.737633626120431,4.011919340406146,-0.7333479118347164
Thoothukudi,2021,3.78,1335.138588559072,5.0033054,-0.3628571428571428,4.277591149466378,3.551876863752093,-1.2233054351806643
Thoothukudi,2022,4.05,1264.853996535511,5.1456785,-0.3628571428571428,4.419964234488351,3.6942499487740657,-1.095678520202637
Tiruchirappalli,2012,6.8,2129.6280621795395,10.628254,-0.8846428571428568,8.858968222481865,7.089682508196151,-3.8282539367675783
Tiruchirappalli,2013,9.41,1721.6820979219729,11.663522,-0.8846428571428568,9.894236052376884,8.124950338091171,-2.2535217666625975
Tiruchirappalli,2014,12.26,1663.1315527072425,11.076849,-0.8846428571428568,9.307563269478935,7.538277555193221,1.1831510162353513
Tiruchirappalli,2015,12.44,1743.3093354502569,10.622213,-0.8846428571428568,8.852927649361748,7.083641935076034,1.8177866363525386
Tiruchirappalli,2016,9.07,1522.6342991844683,10.777628,-0.8846428571428568,9.008342230660576,7.239056516374862,-1.7076279449462888
Tiruchirappalli,2017,12.97,1596.2489039630768,10.230772,-0.8846428571428568,8.461486304146904,6.69220058986119,2.7392279815673835
Tiruchirappalli,2018,10.25,1568.6031705918374,8.592966,-0.8846428571428568,6.823680365426201,5.054394651140487,1.657033920288086
Tiruchirappalli,2019,10.75,1583.374433363554,8.541672,-0.8846428571428568,6.772386038643974,5.00310032435826,2.2083282470703125
Tiruchirappalli,2020,10.62,1639.1293185338593,9.206241,-0.8846428571428568,7.436954939705986,5.667669225420272,1.4137593460083
Tiruchirappalli,2021,8.19,1745.4334490928566,7.5520062,-0.8846428571428568,5.782720530373711,4.0134348160879965,0.6379937553405757
Tiruchirappalli,2022,5.18,1797.6867686768678,6.8093767,-0.8846428571428568,5.040091002328056,3.270805288042342,-1.6293767166137698
Tirunelveli,2012,5.21,2215.949318951808,7.829154,-0.2139285714285714,7.40129687173026,6.9734397288731165,-2.6191540145874024
Tirunelveli,2013,6.73,2227.193151582925,7.8080974,-0.2139285714285714,7.380240219661168,6.952383076804025,-1.0780973625183101
Tirunelveli,2014,8.25,2314.303582046708,7.079164,-0.2139285714285714,6.651306885310582,6.223449742453439,1.1708359718322754
Tirunelveli,2015,5.18,2303.7581356288056,6.171036,-0.2139285714285714,5.74317862374442,5.315321480887277,-0.9910357666015628
Tirunelveli,2016,5.26,2028.6136213356845,8.254269,-0.2139285714285714,7.826411503383092,7.3985543605259485,-2.9942686462402346
Tirunelveli,2017,10.2,2277.0265826614227,8.834566,-0.2139285714285714,8.406708973475865,7.978851830618722,1.3654338836669915
Tirunelveli,2018,6.4,2268.825472029552,6.120802,-0.2139285714285714,5.692944782802037,5.265087639944894,0.27919807434082067
Tirunelveli,2019,7.61,2237.1668342327184,6.9562845,-0.2139285714285714,6.528427380153111,6.100570237295968,0.6537154769897464
Tirunelveli,2020,5.56,2450.296461897356,6.093265,-0.2139285714285714,5.665407913752965,5.2375507708958216,-0.5332650566101078
Tirunelveli,2021,4.35,2464.534948327592,5.4647555,-0.2139285714285714,5.03689839226859,4.6090412494114466,-1.1147555351257328
Tirunelveli,2022,4.08,2460.1034950797425,5.3667936,-0.2139285714285714,4.938936489650182,4.511079346793038,-1.2867936325073241
Tirupathur,2020,9.96,1287.1170256757264,7.532565,-0.8503571428571428,5.831850831168039,4.131136545453753,2.4274348831176766
Tirupathur,2021,8.53,1470.178859601937,6.7811475,-0.8503571428571428,5.080433194296701,3.379718908582415,1.748852519989013
Tirupathur,2022,4.06,1466.4038919072475,5.359534,-0.8503571428571428,3.658819501059396,1.9581052153451104,-1.299533786773682
Tiruppur,2012,8.465,1170.0870381431862,12.401045,-0.6407142857142859,11.119616274152483,9.83818770272391,-3.936044845581055
Tiruppur,2013,13.75,1082.314831767672,13.294025,-0.6407142857142859,12.012596849714006,10.731168278285434,0.4559745788574219
Tiruppur,2014,12.77,1123.0998811240104,10.794567,-0.6407142857142859,9.513138536725725,8.231709965297153,1.9754328918457027
Tiruppur,2015,9.06,1156.0189456002422,9.571207,-0.6407142857142859,8.289778475080217,7.008349903651645,-0.5112070465087886
Tiruppur,2016,11.25,929.9011683138614,13.202209,-0.6407142857142859,11.920780901227678,10.639352329799106,-1.95220947265625
Tiruppur,2017,14.64,1046.930682804826,11.860267,-0.6407142857142859,10.578838114057268,9.297409542628696,2.7797333145141607
Tiruppur,2018,11.56,1117.2863287331452,9.401795,-0.6407142857142859,8.120366815839494,6.838938244410922,2.158204612731934
Tiruppur,2019,11.22,1108.3432800190976,10.034119,-0.6407142857142859,8.752690080915178,7.471261509486606,1.1858813476562506
Tiruppur,2020,11.61,1120.8076969076824,9.590055,-0.6407142857142859,8.30862689426967,7.027198322841098,2.0199445343017572
Tiruppur,2021,8.73,1136.5114388572756,8.776712,-0.6407142857142859,7.495283846173967,6.213855274745395,-0.046712417602538636
Tiruppur,2022,7.13,1133.3697093601504,8.668048,-0.6407142857142859,7.38661933353969,6.105190762111118,-1.5380479049682618
Tiruvannamalai,2012,5.54,1926.822508492819,8.736869,-0.8489285714285713,7.03901171548026,5.341154572623117,-3.1968688583374023
Tiruvannamalai,2013,6.57,1823.8722008350053,8.477405,-0.8489285714285713,6.779547451564245,5.081690308707102,-1.9074045944213864
Tiruvannamalai,2014,9.82,1790.6738610226985,9.12283,-0.8489285714285713,7.424973248073034,5.727116105215891,0.6971696090698245
Tiruvannamalai,2015,9.58,1965.459281858719,8.967788,-0.8489285714285713,7.269930599757604,5.572073456900461,0.612212257385254
Tiruvannamalai,2016,5.81,1862.845005860527,8.127467,-0.8489285714285713,6.429610012599401,4.731752869742258,-2.3174671554565434
Tiruvannamalai,2017,10.38,2019.9569204521224,8.959713,-0.8489285714285713,7.261855839320592,5.563998696463449,1.4202870178222664
Tiruvannamalai,2018,7.39,1828.55363385359,7.3989797,-0.8489285714285713,5.701122520991735,4.003265378134592,-0.008979663848877273
Tiruvannamalai,2019,10.83,1969.648702868745,8.269434,-0.8489285714285713,6.5715768323625845,4.8737196895054415,2.5605660247802735
Tiruvannamalai,2020,7.83,1932.8953494387251,6.9368634,-0.8489285714285713,5.239006279536657,3.541149136679514,0.8931365776062012
Tiruvannamalai,2021,5.75,2033.5214149758128,5.9644613,-0.8489285714285713,4.266604183741979,2.568747040884836,-0.2144613265991211
Tiruvannamalai,2022,4.42,2047.6868955552272,5.8079047,-0.8489285714285713,4.110047577449254,2.4121904345921115,-1.3879047203063966
Vellore,2012,8.76,1710.5655292672295,9.609122,-0.7864285714285713,8.03626513344901,6.463407990591867,-0.8491222763061526
Vellore,2013,10.17,1640.564813779219,8.734683,-0.7864285714285713,7.161825893947057,5.588968751089914,1.4353169631958007
Vellore,2014,9.08,1591.473365522054,7.595922,-0.7864285714285713,6.023064850398473,4.45020770754133,1.4840780067443848
Vellore,2015,9.67,1758.1143146181082,8.083213,-0.7864285714285713,6.510355709620885,4.937498566763742,1.5867871475219726
Vellore,2016,11.53,1718.2067611728887,8.850213,-0.7864285714285713,7.277355907985143,5.704498765128,2.679786949157714
Vellore,2017,10.48,1857.6048654156407,7.874254,-0.7864285714285713,6.301397083827428,4.728539940970285,2.60574577331543
Vellore,2018,7.99,1708.8104084749227,6.7694364,-0.7864285714285713,5.1965792165483755,3.6237220736912326,1.2205636405944826
Vellore,2019,11.12,1722.2206411926315,8.452267,-0.7864285714285713,6.879409550258092,5.306552407400949,2.667733306884765
Vellore,2020,9.42,1413.6997870309174,7.3012905,-0.7864285714285713,5.728433369227819,4.155576226370676,2.118709487915039
Vellore,2021,8.38,1498.4715281071024,6.912579,-0.7864285714285713,5.339721916743688,3.766864773886545,1.4674209403991707
Vellore,2022,4.4,1482.5281803542673,5.536549,-0.7864285714285713,3.963691948481969,2.3908348056248263,-1.136549091339111
Villupuram,2012,5.39,2125.492384411429,7.735532,-0.9075000000000001,5.9205318069458,4.1055318069458,-2.345531806945801
Villupuram,2013,6.97,1953.780659095028,7.50382,-0.9075000000000001,5.688819942474365,3.873819942474365,-0.5338199424743655
Villupuram,2014,8.05,2027.414524224112,7.19171,-0.9075000000000001,5.376709995269775,3.561709995269775,0.8582900047302253
Villupuram,2015,8.16,2049.9825559288283,7.0877814,-0.9075000000000001,5.272781429290771,3.457781429290771,1.0722185707092287
Villupuram,2016,6.43,1896.9137921927,6.246065,-0.9075000000000001,4.431065139770507,2.6160651397705075,0.1839348602294919
Villupuram,2017,9.88,1924.5127586096637,7.6545715,-0.9075000000000001,5.839571533203125,4.024571533203124,2.225428466796876
Villupuram,2018,8.09,1855.2134750592163,6.7522736,-0.9075000000000001,4.937273559570312,3.122273559570312,1.3377264404296874
Villupuram,2019,9.98,1861.484392800182,7.031606,-0.9075000000000001,5.216606197357177,3.4016061973571774,2.9483938026428227
Villupuram,2020,7.76,1961.4019597429497,6.341343,-0.9075000000000001,4.52634292602539,2.7113429260253903,1.4186570739746092
Villupuram,2021,4.62,2079.4643879719533,5.39717,-0.9075000000000001,3.5821700668334957,1.7671700668334958,-0.777170066833496
Villupuram,2022,4.28,2048.6916693761573,5.767825,-0.9075000000000001,3.952825126647949,2.137825126647949,-1.487825126647949
Virudhunagar,2012,6.1,1768.1281387319525,9.052811,-1.154285714285714,6.744239240373885,4.435667811802457,-2.952810668945313
Virudhunagar,2013,9.5,1348.9290099595253,9.294494,-1.154285714285714,6.985922246660506,4.677350818089078,0.2055063247680664
Virudhunagar,2014,10.44,1403.6811544300629,8.631429,-1.154285714285714,6.322857289995467,4.014285861424039,1.808571281433105
Virudhunagar,2015,8.55,1579.8261544646691,7.878709,-1.154285714285714,5.570137410845076,3.2615659822736482,0.6712911605834968
Virudhunagar,2016,7.56,1383.4935619338494,9.107529,-1.154285714285714,6.79895725795201,4.490385829380582,-1.547528686523438
Virudhunagar,2017,10.93,1447.2022863381662,9.264523,-1.154285714285714,6.9559511239188065,4.647379695347379,1.6654774475097653
Virudhunagar,2018,8.77,1460.4560599457336,7.7642183,-1.154285714285714,5.455646901811873,3.147075473240445,1.0057816696166988
Virudhunagar,2019,11.04,1522.412358712491,8.736665,-1.154285714285714,6.428093343462264,4.119521914890836,2.3033352279663077
Virudhunagar,2020,9.32,1518.7851201858218,8.004609,-1.154285714285714,5.696037679399764,3.3874662508283357,1.3153908920288089
Virudhunagar,2021,7.21,1543.2699592337383,7.336492,-1.154285714285714,5.027920633043562,2.7193492044721346,-0.12649206161499027
Virudhunagar,2022,6.0,1554.3545917107149,7.1553397,-1.154285714285714,4.846768289293562,2.5381968607221346,-1.1553397178649902
